date,symbol,open,high,low,close,volume
2024-01-02,AAPL,171.87,173.32,170.70,172.00,2625241
2024-01-03,AAPL,171.86,173.46,170.72,172.11,2675637
2024-01-04,AAPL,171.64,173.08,170.36,171.99,2722686
2024-01-05,AAPL,171.71,173.44,170.51,172.15,2765789
2024-01-08,AAPL,172.08,173.94,170.98,172.58,2804882
2024-01-09,AAPL,172.41,174.06,171.12,172.92,2835731
2024-01-10,AAPL,172.67,174.45,171.44,173.18,2859327
2024-01-11,AAPL,173.21,175.07,172.13,173.68,2876839
2024-01-12,AAPL,173.88,175.47,172.60,174.29,2885221
2024-01-15,AAPL,174.25,175.80,172.98,174.56,2882896
2024-01-16,AAPL,174.49,176.08,173.44,174.69,2872927
2024-01-17,AAPL,175.05,176.36,173.77,175.12,2857107
2024-01-18,AAPL,175.79,177.00,174.44,175.74,2832815
2024-01-19,AAPL,176.27,177.67,174.99,176.08,2799119
2024-01-22,AAPL,176.55,177.84,174.99,176.25,2759714
2024-01-23,AAPL,176.98,178.15,175.27,176.58,2716939
2024-01-24,AAPL,177.37,178.77,175.76,176.89,2669289
2024-01-25,AAPL,177.37,178.70,175.61,176.85,2617798
2024-01-26,AAPL,177.27,178.39,175.42,176.74,2566792
2024-01-29,AAPL,177.48,178.87,175.80,176.97,2516302
2024-01-30,AAPL,177.72,179.08,176.05,177.26,2467110
2024-01-31,AAPL,177.55,178.62,175.85,177.18,2419577
2024-02-01,AAPL,177.22,178.58,175.75,176.95,2378138
2024-02-02,AAPL,177.08,178.47,175.76,176.94,2340308
2024-02-05,AAPL,176.94,178.05,175.60,176.93,2310029
2024-02-06,AAPL,176.55,178.00,175.32,176.67,2288359
2024-02-07,AAPL,176.25,177.89,175.12,176.49,2272968
2024-02-08,AAPL,176.32,177.82,175.01,176.67,2266351
2024-02-09,AAPL,176.38,178.12,175.13,176.82,2268147
2024-02-12,AAPL,176.11,178.02,175.02,176.61,2278878
2024-02-13,AAPL,175.86,177.59,174.57,176.39,2297568
2024-02-14,AAPL,175.97,177.75,174.70,176.50,2323326
2024-02-15,AAPL,176.16,178.06,175.10,176.65,2356836
2024-02-16,AAPL,176.18,177.85,174.90,176.60,2395620
2024-02-19,AAPL,176.36,177.90,175.06,176.69,2440131
2024-02-20,AAPL,176.84,178.47,175.75,177.06,2489579
2024-02-21,AAPL,177.19,178.57,175.92,177.28,2539215
2024-02-22,AAPL,177.19,178.36,175.83,177.15,2590150
2024-02-23,AAPL,177.28,178.69,175.98,177.11,2640627
2024-02-26,AAPL,177.71,179.04,176.18,177.42,2691106
2024-02-27,AAPL,178.06,179.18,176.33,177.66,2736739
2024-02-28,AAPL,178.11,179.50,176.47,177.64,2777051
2024-02-29,AAPL,178.20,179.56,176.46,177.68,2812946
2024-03-01,AAPL,178.40,179.48,176.53,177.87,2842900
2024-03-04,AAPL,178.30,179.68,176.58,177.79,2864126
2024-03-05,AAPL,177.86,179.24,176.21,177.39,2879494
2024-03-06,AAPL,177.55,178.66,175.84,177.16,2883959
2024-03-07,AAPL,177.50,178.84,175.98,177.21,2879851
2024-03-08,AAPL,177.23,178.63,175.92,177.07,2868659
2024-03-11,AAPL,176.62,177.77,175.27,176.59,2850511
2024-03-12,AAPL,176.07,177.46,174.82,176.17,2822751
2024-03-13,AAPL,175.66,177.28,174.56,175.88,2787849
2024-03-14,AAPL,175.02,176.55,173.73,175.35,2748920
2024-03-15,AAPL,174.23,175.89,172.97,174.65,2704905
2024-03-18,AAPL,173.75,175.63,172.70,174.23,2654995
2024-03-19,AAPL,173.54,175.28,172.27,174.05,2603143
2024-03-20,AAPL,173.10,174.81,171.83,173.62,2553048
2024-03-21,AAPL,172.45,174.31,171.38,172.93,2503567
2024-03-22,AAPL,172.03,173.71,170.80,172.45,2453778
2024-03-25,AAPL,171.85,173.33,170.58,172.19,2407338
2024-03-26,AAPL,171.56,173.15,170.47,171.79,2367389
2024-03-27,AAPL,171.25,172.64,170.05,171.36,2332662
2024-03-28,AAPL,171.30,172.38,169.99,171.28,2302723
2024-03-29,AAPL,171.51,172.85,170.23,171.36,2282105
2024-04-01,AAPL,171.42,172.73,169.99,171.16,2270229
2024-04-02,AAPL,171.19,172.23,169.55,170.83,2266863
2024-04-03,AAPL,171.27,172.59,169.67,170.82,2269640
2024-04-04,AAPL,171.54,172.88,169.91,171.05,2283757
2024-04-05,AAPL,171.63,172.70,169.84,171.12,2303958
2024-04-08,AAPL,171.66,172.96,169.97,171.16,2332325
2024-04-09,AAPL,171.94,173.29,170.37,171.48,2368982
2024-04-10,AAPL,172.20,173.32,170.53,171.82,2410039
2024-04-11,AAPL,172.11,173.37,170.60,171.82,2453808
2024-04-12,AAPL,171.94,173.31,170.69,171.76,2502960
2024-04-15,AAPL,172.11,173.27,170.79,172.06,2555062
2024-04-16,AAPL,172.38,173.69,171.14,172.46,2607047
2024-04-17,AAPL,172.38,173.96,171.34,172.58,2656111
2024-04-18,AAPL,172.29,173.82,171.04,172.61,2703919
2024-04-19,AAPL,172.42,174.01,171.15,172.82,2749609
2024-04-22,AAPL,172.49,174.34,171.42,172.96,2789065
2024-04-23,AAPL,172.26,174.03,171.03,172.77,2823244
2024-04-24,AAPL,172.12,173.78,170.84,172.63,2850065
2024-04-25,AAPL,172.35,174.21,171.25,172.84,2869807
2024-04-26,AAPL,172.59,174.32,171.38,173.03,2880977
2024-04-29,AAPL,172.52,173.97,171.23,172.87,2883584
2024-04-30,AAPL,172.42,174.01,171.28,172.66,2878039
2024-05-01,AAPL,172.56,174.01,171.38,172.69,2862917
2024-05-02,AAPL,172.68,173.73,171.38,172.67,2840659
2024-05-03,AAPL,172.58,173.91,171.28,172.45,2812170
2024-05-06,AAPL,172.65,174.00,171.25,172.40,2775117
2024-05-07,AAPL,173.05,174.13,171.40,172.70,2734690
2024-05-08,AAPL,173.33,174.64,171.69,172.89,2688059
2024-05-09,AAPL,173.26,174.63,171.65,172.77,2638419
2024-05-10,AAPL,173.26,174.38,171.45,172.74,2586913
2024-05-13,AAPL,173.54,174.82,171.81,173.03,2536920
2024-05-14,AAPL,173.79,175.17,172.23,173.32,2486545
2024-05-15,AAPL,173.85,175.03,172.17,173.45,2437912
2024-05-16,AAPL,174.09,175.34,172.53,173.78,2394917
2024-05-17,AAPL,174.56,175.96,173.31,174.37,2357167
2024-05-20,AAPL,174.81,176.03,173.46,174.74,2323115
2024-05-21,AAPL,174.75,176.02,173.47,174.81,2295646
2024-05-22,AAPL,174.88,176.47,173.81,175.07,2278389
2024-05-23,AAPL,175.34,176.92,174.08,175.64,2269991
2024-05-24,AAPL,175.69,177.26,174.38,176.09,2267872
2024-05-27,AAPL,175.83,177.70,174.71,176.30,2273745
2024-05-28,AAPL,176.12,177.96,174.88,176.64,2289788
2024-05-29,AAPL,176.55,178.21,175.23,177.08,2313638
2024-05-30,AAPL,176.68,178.58,175.52,177.19,2342621
2024-05-31,AAPL,176.60,178.40,175.39,177.05,2379800
2024-06-03,AAPL,176.78,178.23,175.45,177.15,2422038
2024-06-04,AAPL,177.20,178.84,176.00,177.46,2469807
2024-06-05,AAPL,177.36,178.88,176.17,177.50,2518019
2024-06-06,AAPL,177.24,178.35,175.91,177.25,2570262
2024-06-07,AAPL,177.23,178.58,175.89,177.12,2620989
2024-06-10,AAPL,177.29,178.69,175.90,177.04,2670676
2024-06-11,AAPL,177.04,178.18,175.37,176.69,2719492
2024-06-12,AAPL,176.65,177.95,174.96,176.21,2763447
2024-06-13,AAPL,176.56,177.97,174.96,176.06,2799991
2024-06-14,AAPL,176.59,177.78,174.76,176.06,2831172
2024-06-17,AAPL,176.26,177.52,174.47,175.74,2857646
2024-06-18,AAPL,175.71,177.11,174.16,175.22,2875649
2024-06-19,AAPL,175.37,176.59,173.67,174.95,2883109
2024-06-20,AAPL,175.15,176.36,173.54,174.82,2882550
2024-06-21,AAPL,174.73,176.12,173.45,174.52,2875140
2024-06-24,AAPL,174.32,175.58,172.98,174.24,2858358
2024-06-25,AAPL,174.27,175.47,172.98,174.31,2832820
2024-06-26,AAPL,174.29,175.84,173.18,174.46,2801529
2024-06-27,AAPL,173.98,175.57,172.76,174.27,2763798
2024-06-28,AAPL,173.64,175.14,172.34,174.03,2720952
2024-07-01,AAPL,173.67,175.50,172.54,174.14,2673036
2024-07-02,AAPL,173.88,175.72,172.68,174.39,2623852
2024-07-03,AAPL,173.92,175.51,172.62,174.45,2571564
2024-07-04,AAPL,174.02,175.88,172.85,174.53,2520490
2024-07-05,AAPL,174.42,176.24,173.25,174.88,2472164
2024-07-08,AAPL,174.78,176.24,173.47,175.16,2424948
2024-07-09,AAPL,174.80,176.40,173.59,175.08,2381269
2024-07-10,AAPL,174.86,176.40,173.72,175.02,2343845
2024-07-11,AAPL,175.28,176.45,173.98,175.31,2314146
2024-07-12,AAPL,175.73,177.02,174.38,175.62,2290537
2024-07-15,AAPL,175.85,177.25,174.52,175.62,2273162
2024-01-02,MSFT,337.45,340.53,335.09,338.00,3470052
2024-01-03,MSFT,337.04,339.92,334.52,337.79,3530031
2024-01-04,MSFT,337.36,340.90,335.13,338.25,3584377
2024-01-05,MSFT,338.05,341.63,335.74,339.03,3631677
2024-01-08,MSFT,338.41,341.48,335.87,339.43,3668046
2024-01-09,MSFT,338.94,342.55,336.64,339.93,3696505
2024-01-10,MSFT,340.07,343.63,337.81,340.97,3716084
2024-01-11,MSFT,341.16,344.05,338.61,341.91,3722650
2024-01-12,MSFT,341.62,344.75,339.24,342.17,3716165
2024-01-15,MSFT,342.13,345.15,339.92,342.45,3701154
2024-01-16,MSFT,343.36,345.67,340.80,343.43,3677960
2024-01-17,MSFT,344.67,347.20,342.03,344.48,3642822
2024-01-18,MSFT,345.37,348.12,342.78,344.94,3596574
2024-01-19,MSFT,345.95,348.30,342.75,345.30,3544464
2024-01-22,MSFT,346.85,349.32,343.51,346.01,3487709
2024-01-23,MSFT,347.41,350.19,344.36,346.45,3424240
2024-01-24,MSFT,347.28,349.72,343.73,346.25,3358125
2024-01-25,MSFT,347.28,349.67,343.70,346.25,3291112
2024-01-26,MSFT,347.88,350.65,344.76,346.90,3227795
2024-01-29,MSFT,348.22,350.75,344.88,347.37,3164274
2024-01-30,MSFT,347.78,350.08,344.53,347.10,3105119
2024-01-31,MSFT,347.30,350.06,344.63,346.84,3052648
2024-02-01,MSFT,347.22,349.82,344.57,347.00,3007297
2024-02-02,MSFT,346.90,349.14,344.31,346.94,2970652
2024-02-05,MSFT,346.18,349.20,343.90,346.48,2945416
2024-02-06,MSFT,345.90,349.09,343.54,346.44,2927861
2024-02-07,MSFT,346.24,349.08,343.64,346.98,2924308
2024-02-08,MSFT,346.26,349.83,343.91,347.16,2928876
2024-02-09,MSFT,345.70,349.40,343.39,346.70,2946519
2024-02-12,MSFT,345.47,348.67,342.88,346.51,2972726
2024-02-13,MSFT,345.87,349.50,343.47,346.89,3010138
2024-02-14,MSFT,346.17,349.84,343.93,347.10,3055001
2024-02-15,MSFT,346.24,349.28,343.66,347.02,3107366
2024-02-16,MSFT,346.81,349.95,344.35,347.40,3167131
2024-02-19,MSFT,347.79,350.93,345.62,348.15,3231422
2024-02-20,MSFT,348.24,350.70,345.67,348.34,3295146
2024-02-21,MSFT,348.16,350.64,345.49,348.01,3361963
2024-02-22,MSFT,348.54,351.33,346.03,348.13,3426494
2024-02-23,MSFT,349.41,351.86,346.23,348.78,3490542
2024-02-26,MSFT,349.88,352.29,346.50,349.06,3547016
2024-02-27,MSFT,349.90,352.69,346.79,348.94,3597898
2024-02-28,MSFT,350.17,352.71,346.63,349.13,3641926
2024-02-29,MSFT,350.47,352.79,346.83,349.43,3677161
2024-03-01,MSFT,350.01,352.79,346.80,349.02,3702592
2024-03-04,MSFT,349.12,351.73,345.80,348.24,3718361
2024-03-05,MSFT,348.74,350.95,345.43,348.03,3720047
2024-03-06,MSFT,348.64,351.38,345.86,348.15,3712277
2024-03-07,MSFT,347.91,350.57,345.28,347.66,3695234
2024-03-08,MSFT,346.71,348.82,344.11,346.72,3668128
2024-03-11,MSFT,345.82,348.75,343.48,346.08,3628950
2024-03-12,MSFT,345.00,348.20,342.70,345.50,3582139
2024-03-13,MSFT,343.64,346.49,341.07,344.35,3530260
2024-03-14,MSFT,342.26,345.72,339.88,343.13,3471020
2024-03-15,MSFT,341.62,345.30,339.41,342.60,3405144
2024-03-18,MSFT,341.22,344.46,338.67,342.24,3338716
2024-03-19,MSFT,340.21,343.73,337.80,341.22,3274694
2024-03-20,MSFT,339.04,342.67,336.91,339.96,3210614
2024-03-21,MSFT,338.46,341.54,335.96,339.24,3147043
2024-03-22,MSFT,338.12,341.14,335.68,338.72,3089536
2024-03-25,MSFT,337.47,340.55,335.42,337.85,3040384
2024-03-26,MSFT,337.02,339.52,334.56,337.15,2997264
2024-03-27,MSFT,337.27,339.60,334.68,337.16,2961412
2024-03-28,MSFT,337.53,340.23,335.10,337.17,2937932
2024-03-29,MSFT,337.13,339.58,334.13,336.55,2927136
2024-04-01,MSFT,336.72,338.96,333.46,335.96,2925117
2024-04-02,MSFT,336.99,339.67,333.95,336.08,2932623
2024-04-03,MSFT,337.38,339.89,334.03,336.39,2953127
2024-04-04,MSFT,337.34,339.49,333.82,336.33,2982388
2024-04-05,MSFT,337.40,340.05,334.23,336.44,3022051
2024-04-08,MSFT,337.92,340.50,334.74,337.06,3071618
2024-04-09,MSFT,338.15,340.20,334.91,337.44,3125550
2024-04-10,MSFT,337.69,340.30,334.91,337.18,3185333
2024-04-11,MSFT,337.41,340.04,334.89,337.14,3248622
2024-04-12,MSFT,337.81,339.91,335.26,337.79,3316717
2024-04-15,MSFT,338.14,340.93,335.80,338.37,3382662
2024-04-16,MSFT,337.92,341.06,335.73,338.39,3445276
2024-04-17,MSFT,337.80,340.67,335.28,338.47,3506613
2024-04-18,MSFT,338.06,341.40,335.66,338.90,3563732
2024-04-19,MSFT,337.99,341.65,335.87,338.95,3611709
2024-04-22,MSFT,337.47,340.76,334.97,338.48,3654377
2024-04-23,MSFT,337.40,340.82,334.96,338.40,3685072
2024-04-24,MSFT,337.99,341.64,335.94,338.92,3708554
2024-04-25,MSFT,338.32,341.50,335.85,339.13,3718715
2024-04-26,MSFT,338.09,341.06,335.61,338.72,3719666
2024-04-29,MSFT,338.08,341.20,336.00,338.49,3708299
2024-04-30,MSFT,338.49,341.10,336.06,338.65,3686603
2024-05-01,MSFT,338.62,340.87,336.02,338.53,3654881
2024-05-02,MSFT,338.48,341.17,336.00,338.15,3614955
2024-05-03,MSFT,338.89,341.41,335.95,338.33,3565328
2024-05-06,MSFT,339.76,341.93,336.47,339.01,3511336
2024-05-07,MSFT,340.12,342.79,337.00,339.22,3448839
2024-05-08,MSFT,339.93,342.53,336.62,338.95,3384623
2024-05-09,MSFT,340.13,342.20,336.57,339.11,3318089
2024-05-10,MSFT,340.76,343.40,337.49,339.78,3253763
2024-05-13,MSFT,341.10,343.75,337.93,340.21,3188808
2024-05-14,MSFT,341.23,343.34,337.94,340.49,3127861
2024-05-15,MSFT,341.87,344.46,338.96,341.32,3074700
2024-05-16,MSFT,342.72,345.43,340.19,342.41,3027408
2024-05-17,MSFT,342.93,345.15,340.32,342.87,2985364
2024-05-20,MSFT,342.79,345.52,340.36,342.99,2953607
2024-05-21,MSFT,343.24,346.42,341.08,343.68,2935224
2024-05-22,MSFT,344.12,347.10,341.58,344.78,2926969
2024-05-23,MSFT,344.60,347.92,342.12,345.44,2926883
2024-05-24,MSFT,344.87,348.60,342.77,345.83,2938357
2024-05-27,MSFT,345.56,349.01,343.04,346.59,2962642
2024-05-28,MSFT,346.29,349.73,343.75,347.32,2995557
2024-05-29,MSFT,346.34,350.09,344.22,347.31,3035273
2024-05-30,MSFT,346.25,349.61,343.76,347.10,3085992
2024-05-31,MSFT,346.85,349.84,344.28,347.52,3143271
2024-06-03,MSFT,347.65,350.87,345.44,348.10,3205340
2024-06-04,MSFT,347.79,350.58,345.34,347.99,3268556
2024-06-05,MSFT,347.62,349.84,344.97,347.56,3335896
2024-06-06,MSFT,347.79,350.52,345.21,347.48,3400633
2024-06-07,MSFT,347.85,350.49,344.91,347.30,3464627
2024-06-10,MSFT,347.27,349.40,343.93,346.52,3526362
2024-06-11,MSFT,346.72,349.41,343.49,345.82,3580222
2024-06-12,MSFT,346.81,349.50,343.49,345.81,3624892
2024-06-13,MSFT,346.82,348.95,343.19,345.78,3663532
2024-06-14,MSFT,346.03,348.66,342.64,345.02,3695041
2024-06-17,MSFT,345.08,347.80,341.93,344.17,3714167
2024-06-18,MSFT,344.63,346.85,341.30,343.86,3720269
2024-06-19,MSFT,344.17,346.72,341.17,343.60,3717069
2024-06-20,MSFT,343.30,346.04,340.80,342.96,3704314
2024-06-21,MSFT,342.71,345.01,340.08,342.62,3678715
2024-06-24,MSFT,342.77,345.40,340.30,342.93,3644154
2024-06-25,MSFT,342.64,345.79,340.55,343.05,3600107
2024-06-26,MSFT,341.89,344.91,339.39,342.52,3550391
2024-06-27,MSFT,341.35,344.54,338.86,342.16,3492360
2024-06-28,MSFT,341.57,345.24,339.48,342.51,3430179
2024-07-01,MSFT,341.84,345.32,339.38,342.85,3365061
2024-07-02,MSFT,341.80,345.12,339.27,342.82,3297666
2024-07-03,MSFT,342.09,345.79,339.93,343.06,3232702
2024-07-04,MSFT,342.87,346.28,340.45,343.73,3170950
2024-07-05,MSFT,343.29,346.19,340.73,343.98,3110542
2024-07-08,MSFT,343.16,346.34,340.92,343.64,3057740
2024-07-09,MSFT,343.41,346.26,341.04,343.64,3010802
2024-07-10,MSFT,344.30,346.41,341.70,344.28,2975715
2024-07-11,MSFT,344.93,347.61,342.34,344.66,2947280
2024-07-12,MSFT,345.01,347.68,342.18,344.49,2929370
2024-07-15,MSFT,345.22,347.34,341.92,344.50,2922541
2024-01-02,NVDA,469.75,473.43,466.40,470.00,3969685
2024-01-03,NVDA,470.05,474.39,467.14,470.64,4048189
2024-01-04,NVDA,469.53,473.64,466.08,470.42,4119985
2024-01-05,NVDA,469.44,473.89,466.02,470.56,4187126
2024-01-08,NVDA,470.38,475.46,467.55,471.69,4249782
2024-01-09,NVDA,471.50,476.26,468.08,472.91,4300680
2024-01-10,NVDA,472.26,476.90,468.78,473.67,4339399
2024-01-11,NVDA,473.57,478.70,470.62,474.91,4369101
2024-01-12,NVDA,475.54,480.21,472.15,476.72,4386602
2024-01-15,NVDA,476.96,481.02,473.41,477.90,4387693
2024-01-16,NVDA,477.66,482.09,474.58,478.30,4375389
2024-01-17,NVDA,478.95,482.87,475.62,479.26,4354176
2024-01-18,NVDA,481.07,484.08,477.42,481.02,4321552
2024-01-19,NVDA,482.72,486.49,479.11,482.31,4274177
2024-01-22,NVDA,483.57,487.29,479.55,482.84,4216113
2024-01-23,NVDA,484.63,487.54,479.98,483.60,4152619
2024-01-24,NVDA,485.85,489.58,481.30,484.60,4082558
2024-01-25,NVDA,486.15,489.96,481.55,484.76,4004906
2024-01-26,NVDA,485.77,488.83,480.70,484.32,3927947
2024-01-29,NVDA,486.02,489.67,481.21,484.60,3849422
2024-01-30,NVDA,486.73,490.59,482.31,485.43,3774737
2024-01-31,NVDA,486.55,489.75,481.84,485.45,3700159
2024-02-01,NVDA,485.52,489.07,481.23,484.69,3635904
2024-02-02,NVDA,484.87,488.74,481.35,484.36,3576193
2024-02-05,NVDA,484.50,487.82,480.78,484.35,3526161
2024-02-06,NVDA,483.51,487.13,479.99,483.71,3489576
2024-02-07,NVDA,482.36,486.78,479.46,482.91,3463542
2024-02-08,NVDA,482.18,486.47,478.68,483.05,3447743
2024-02-09,NVDA,482.44,486.87,478.89,483.57,3447856
2024-02-12,NVDA,481.89,487.06,478.89,483.21,3459437
2024-02-13,NVDA,480.98,485.93,477.55,482.41,3485341
2024-02-14,NVDA,480.97,485.58,477.39,482.41,3519739
2024-02-15,NVDA,481.53,486.73,478.44,482.91,3568712
2024-02-16,NVDA,481.70,486.55,478.34,482.92,3624582
2024-02-19,NVDA,481.97,485.99,478.36,482.96,3689937
2024-02-20,NVDA,483.16,487.64,479.96,483.85,3763886
2024-02-21,NVDA,484.42,488.51,481.12,484.78,3839758
2024-02-22,NVDA,484.71,487.62,481.07,484.71,3915272
2024-02-23,NVDA,484.82,488.54,481.16,484.46,3993717
2024-02-26,NVDA,485.85,489.64,481.93,485.15,4070731
2024-02-27,NVDA,487.08,490.14,482.45,486.09,4142957
2024-02-28,NVDA,487.50,491.17,482.88,486.28,4206084
2024-02-29,NVDA,487.68,491.54,483.17,486.30,4262849
2024-03-01,NVDA,488.30,491.50,483.22,486.84,4311890
2024-03-04,NVDA,488.44,492.02,483.53,487.01,4347442
2024-03-05,NVDA,487.43,491.32,483.08,486.10,4374172
2024-03-06,NVDA,486.37,489.68,481.66,485.23,4386077
2024-03-07,NVDA,486.12,489.57,481.73,485.25,4382678
2024-03-08,NVDA,485.67,489.56,482.20,485.12,4369056
2024-03-11,NVDA,484.16,487.58,480.44,483.95,4345448
2024-03-12,NVDA,482.45,485.91,478.90,482.61,4307600
2024-03-13,NVDA,481.23,485.58,478.25,481.74,4257126
2024-03-14,NVDA,479.66,483.99,476.24,480.48,4199674
2024-03-15,NVDA,477.40,481.64,473.85,478.49,4135458
2024-03-18,NVDA,475.65,480.71,472.60,476.93,4061924
2024-03-19,NVDA,474.89,479.86,471.57,476.28,3983092
2024-03-20,NVDA,473.88,478.30,470.33,475.31,3905969
2024-03-21,NVDA,472.06,477.13,468.94,473.43,3830819
2024-03-22,NVDA,470.57,475.40,467.36,471.78,3754898
2024-03-25,NVDA,469.93,473.76,466.40,470.92,3681928
2024-03-26,NVDA,469.23,473.56,466.04,469.95,3618112
2024-03-27,NVDA,468.25,472.30,465.14,468.64,3563211
2024-03-28,NVDA,468.03,471.01,464.53,468.08,3515053
2024-03-29,NVDA,468.63,472.15,465.06,468.32,3479239
2024-04-01,NVDA,468.72,472.43,465.08,468.09,3456426
2024-04-02,NVDA,468.11,471.17,463.71,467.19,3448320
2024-04-03,NVDA,468.07,471.50,463.59,466.92,3449443
2024-04-04,NVDA,468.87,472.61,464.64,467.55,3466382
2024-04-05,NVDA,469.40,472.60,464.56,468.01,3494211
2024-04-08,NVDA,469.52,472.85,464.73,468.13,3533295
2024-04-09,NVDA,470.17,473.93,466.05,468.87,3585752
2024-04-10,NVDA,471.16,474.48,466.61,470.03,3646819
2024-04-11,NVDA,471.31,474.54,466.97,470.43,3711934
2024-04-12,NVDA,470.85,474.61,467.35,470.27,3784275
2024-04-15,NVDA,471.10,474.54,467.49,470.86,3862182
2024-04-16,NVDA,472.00,475.22,468.50,472.11,3942264
2024-04-17,NVDA,472.31,476.51,469.29,472.77,4018029
2024-04-18,NVDA,472.07,476.38,468.76,472.84,4091050
2024-04-19,NVDA,472.27,476.30,468.74,473.31,4162051
2024-04-22,NVDA,472.64,477.61,469.52,473.89,4225387
2024-04-23,NVDA,472.23,477.23,469.00,473.60,4279014
2024-04-24,NVDA,471.57,475.85,468.04,472.99,4324356
2024-04-25,NVDA,471.88,476.90,468.68,473.25,4356450
2024-04-26,NVDA,472.64,477.59,469.50,473.89,4378437
2024-04-29,NVDA,472.61,476.61,469.07,473.65,4385395
2024-04-30,NVDA,472.13,476.46,468.85,472.89,4381974
2024-05-01,NVDA,472.27,476.45,469.22,472.71,4362530
2024-05-02,NVDA,472.64,475.81,469.12,472.73,4331875
2024-05-03,NVDA,472.40,475.87,468.78,472.14,4291792
2024-05-06,NVDA,472.25,476.01,468.71,471.65,4239380
2024-05-07,NVDA,473.07,476.28,468.69,472.18,4178408
2024-05-08,NVDA,474.02,477.40,469.46,472.88,4110602
2024-05-09,NVDA,474.01,477.80,469.85,472.70,4035385
2024-05-10,NVDA,473.77,477.10,468.92,472.36,3958806
2024-05-13,NVDA,474.35,477.61,469.46,472.94,3881298
2024-05-14,NVDA,475.17,478.97,470.92,473.84,3805016
2024-05-15,NVDA,475.44,478.90,470.89,474.28,3729555
2024-05-16,NVDA,475.89,479.04,471.44,474.97,3661348
2024-05-17,NVDA,477.15,480.93,473.47,476.52,3601982
2024-05-20,NVDA,478.19,481.77,474.54,477.89,3548423
2024-05-21,NVDA,478.25,481.35,474.68,478.32,3502893
2024-05-22,NVDA,478.42,482.59,475.27,478.83,3471843
2024-05-23,NVDA,479.57,483.99,476.29,480.32,3455608
2024-05-24,NVDA,480.82,484.76,477.21,481.85,3449566
2024-05-27,NVDA,481.38,486.35,478.11,482.63,3454286
2024-05-28,NVDA,482.05,487.21,478.84,483.44,3474082
2024-05-29,NVDA,483.28,487.75,479.66,484.73,3507404
2024-05-30,NVDA,484.02,489.11,480.66,485.44,3549124
2024-05-31,NVDA,483.86,488.99,480.74,485.16,3601486
2024-06-03,NVDA,484.06,488.31,480.45,485.15,3663001
2024-06-04,NVDA,485.14,489.53,481.69,485.96,3734526
2024-06-05,NVDA,485.87,490.24,482.83,486.37,3807724
2024-06-06,NVDA,485.62,489.05,482.03,485.76,3885614
2024-06-07,NVDA,485.38,488.84,481.65,485.16,3963810
2024-06-10,NVDA,485.52,489.40,482.02,484.95,4039599
2024-06-11,NVDA,485.03,488.44,480.63,484.15,4114698
2024-06-12,NVDA,483.84,487.18,479.17,482.71,4184531
2024-06-13,NVDA,483.20,487.06,478.91,481.88,4243415
2024-06-14,NVDA,483.24,486.74,478.36,481.81,4292860
2024-06-17,NVDA,482.59,485.79,477.58,481.15,4335660
2024-06-18,NVDA,481.02,484.83,476.60,479.65,4367567
2024-06-19,NVDA,479.77,483.35,475.20,478.56,4383512
2024-06-20,NVDA,479.11,482.16,474.57,478.15,4385791
2024-06-21,NVDA,478.09,481.84,474.28,477.42,4377863
2024-06-24,NVDA,476.80,480.44,473.19,476.45,4356953
2024-06-25,NVDA,476.33,479.24,472.76,476.35,4320737
2024-06-26,NVDA,476.48,480.53,473.26,476.85,4276877
2024-06-27,NVDA,475.95,480.36,472.78,476.65,4221025
2024-06-28,NVDA,474.92,478.86,471.36,475.90,4159146
2024-07-01,NVDA,474.73,479.54,471.44,475.94,4086953
2024-07-02,NVDA,475.36,480.49,472.28,476.72,4014185
2024-07-03,NVDA,475.71,480.23,472.16,477.14,3935510
2024-07-04,NVDA,475.91,480.83,472.53,477.31,3856693
2024-07-05,NVDA,476.88,481.99,473.89,478.18,3782167
2024-07-08,NVDA,478.14,482.49,474.60,479.25,3709974
2024-07-09,NVDA,478.54,482.81,475.08,479.39,3640322
2024-07-10,NVDA,478.60,482.97,475.70,479.14,3581261
2024-07-11,NVDA,479.58,483.13,476.08,479.77,3532245
2024-07-12,NVDA,481.00,484.32,477.31,480.83,3494057
2024-07-15,NVDA,481.65,485.50,478.17,481.13,3464160
2024-01-02,AMZN,140.70,141.86,139.65,141.00,2578812
2024-01-03,AMZN,140.75,142.19,139.79,141.12,2619648
2024-01-04,AMZN,141.02,142.54,140.10,141.43,2655867
2024-01-05,AMZN,141.19,142.51,140.13,141.61,2684019
2024-01-08,AMZN,141.31,142.78,140.32,141.73,2705681
2024-01-09,AMZN,141.71,143.22,140.81,142.09,2721753
2024-01-10,AMZN,142.17,143.45,141.12,142.50,2728652
2024-01-11,AMZN,142.38,143.66,141.36,142.63,2725570
2024-01-12,AMZN,142.53,143.82,141.65,142.68,2715632
2024-01-15,AMZN,142.97,144.00,141.92,143.02,2700073
2024-01-16,AMZN,143.52,144.53,142.42,143.47,2676216
2024-01-17,AMZN,143.85,145.00,142.82,143.69,2643673
2024-01-18,AMZN,144.07,145.09,142.77,143.81,2606130
2024-01-19,AMZN,144.42,145.40,143.02,144.09,2565371
2024-01-22,AMZN,144.71,145.86,143.41,144.32,2519863
2024-01-23,AMZN,144.70,145.77,143.25,144.28,2471147
2024-01-24,AMZN,144.67,145.61,143.16,144.24,2422540
2024-01-25,AMZN,144.90,146.04,143.55,144.49,2375524
2024-01-26,AMZN,145.12,146.21,143.74,144.75,2329018
2024-01-29,AMZN,145.01,145.91,143.62,144.71,2284096
2024-01-30,AMZN,144.80,145.93,143.63,144.59,2245105
2024-01-31,AMZN,144.77,145.89,143.68,144.66,2210670
2024-02-01,AMZN,144.71,145.59,143.62,144.71,2182553
2024-02-02,AMZN,144.45,145.66,143.46,144.55,2162244
2024-02-05,AMZN,144.30,145.63,143.35,144.50,2148243
2024-02-06,AMZN,144.43,145.65,143.35,144.73,2143823
2024-02-07,AMZN,144.52,145.97,143.51,144.88,2146036
2024-02-08,AMZN,144.33,145.89,143.41,144.74,2156617
2024-02-09,AMZN,144.19,145.58,143.12,144.63,2174838
2024-02-12,AMZN,144.34,145.82,143.31,144.77,2200598
2024-02-13,AMZN,144.50,146.06,143.61,144.90,2232646
2024-02-14,AMZN,144.54,145.87,143.48,144.88,2269720
2024-02-15,AMZN,144.72,146.00,143.67,144.98,2312493
2024-02-16,AMZN,145.13,146.46,144.25,145.30,2359390
2024-02-19,AMZN,145.37,146.48,144.32,145.44,2406220
2024-02-20,AMZN,145.35,146.34,144.23,145.31,2454779
2024-02-21,AMZN,145.44,146.60,144.38,145.29,2502181
2024-02-22,AMZN,145.78,146.86,144.50,145.54,2549745
2024-02-23,AMZN,146.03,146.98,144.61,145.70,2592311
2024-02-26,AMZN,146.04,147.20,144.71,145.65,2630344
2024-02-27,AMZN,146.12,147.22,144.68,145.69,2663586
2024-02-28,AMZN,146.27,147.18,144.74,145.83,2691137
2024-02-29,AMZN,146.15,147.29,144.76,145.73,2710771
2024-03-01,AMZN,145.78,146.90,144.42,145.40,2724314
2024-03-04,AMZN,145.57,146.45,144.17,145.26,2727479
2024-03-05,AMZN,145.55,146.66,144.33,145.32,2723156
2024-03-06,AMZN,145.32,146.46,144.24,145.19,2711692
2024-03-07,AMZN,144.84,145.76,143.74,144.82,2693614
2024-03-08,AMZN,144.45,145.62,143.44,144.54,2666475
2024-03-11,AMZN,144.15,145.48,143.22,144.34,2632976
2024-03-12,AMZN,143.64,144.88,142.58,143.92,2595757
2024-03-13,AMZN,143.05,144.45,142.03,143.40,2553525
2024-03-14,AMZN,142.74,144.28,141.86,143.14,2505911
2024-03-15,AMZN,142.61,144.02,141.56,143.03,2456960
2024-03-18,AMZN,142.26,143.69,141.23,142.69,2409768
2024-03-19,AMZN,141.77,143.30,140.91,142.16,2362944
2024-03-20,AMZN,141.48,142.83,140.46,141.82,2316007
2024-03-21,AMZN,141.36,142.59,140.32,141.63,2272688
2024-03-22,AMZN,141.11,142.42,140.23,141.29,2235558
2024-03-25,AMZN,140.88,141.99,139.88,140.96,2203178
2024-03-26,AMZN,140.93,141.85,139.85,140.90,2175540
2024-03-27,AMZN,141.07,142.18,140.03,140.94,2156682
2024-03-28,AMZN,140.94,142.00,139.73,140.71,2146819
2024-03-29,AMZN,140.71,141.59,139.35,140.41,2144264
2024-04-01,AMZN,140.75,141.85,139.45,140.38,2147644
2024-04-02,AMZN,140.91,141.99,139.55,140.50,2161241
2024-04-03,AMZN,140.89,141.74,139.42,140.47,2181303
2024-04-04,AMZN,140.86,141.94,139.49,140.45,2208917
2024-04-05,AMZN,141.02,142.12,139.72,140.65,2243882
2024-04-08,AMZN,141.14,142.03,139.77,140.83,2282955
2024-04-09,AMZN,140.96,142.01,139.74,140.73,2325918
2024-04-10,AMZN,140.76,141.88,139.73,140.63,2372382
2024-04-11,AMZN,140.86,141.79,139.78,140.83,2421196
2024-04-12,AMZN,141.01,142.11,140.00,141.08,2470137
2024-04-15,AMZN,140.93,142.23,140.06,141.11,2516390
2024-04-16,AMZN,140.83,142.06,139.80,141.10,2561713
2024-04-17,AMZN,140.91,142.25,139.89,141.25,2604445
2024-04-18,AMZN,140.92,142.44,140.07,141.31,2641100
2024-04-19,AMZN,140.71,142.14,139.69,141.13,2673270
2024-04-22,AMZN,140.62,142.00,139.58,141.04,2697628
2024-04-23,AMZN,140.84,142.36,139.96,141.24,2715856
2024-04-24,AMZN,141.04,142.42,140.03,141.38,2725416
2024-04-25,AMZN,140.98,142.18,139.93,141.25,2727112
2024-04-26,AMZN,140.94,142.25,140.03,141.13,2720800
2024-04-29,AMZN,141.11,142.26,140.12,141.20,2706260
2024-04-30,AMZN,141.21,142.10,140.14,141.20,2684157
2024-05-01,AMZN,141.17,142.27,140.11,141.05,2656425
2024-05-02,AMZN,141.29,142.37,140.11,141.07,2620894
2024-05-03,AMZN,141.65,142.51,140.29,141.35,2582541
2024-05-06,AMZN,141.88,142.97,140.55,141.51,2537811
2024-05-07,AMZN,141.82,142.93,140.48,141.42,2490616
2024-05-08,AMZN,141.86,142.75,140.37,141.43,2441779
2024-05-09,AMZN,142.11,143.18,140.70,141.69,2394725
2024-05-10,AMZN,142.29,143.42,141.00,141.91,2347022
2024-05-13,AMZN,142.33,143.26,140.95,142.01,2301392
2024-05-14,AMZN,142.54,143.58,141.28,142.29,2261274
2024-05-15,AMZN,142.90,144.04,141.86,142.75,2225904
2024-05-16,AMZN,143.04,144.02,141.94,143.00,2194101
2024-05-17,AMZN,142.96,144.04,141.92,143.02,2168971
2024-05-20,AMZN,143.07,144.38,142.21,143.24,2153614
2024-05-21,AMZN,143.42,144.70,142.38,143.68,2146329
2024-05-22,AMZN,143.66,144.98,142.60,143.99,2144955
2024-05-23,AMZN,143.75,145.29,142.86,144.14,2151459
2024-05-24,AMZN,143.99,145.47,142.96,144.42,2167567
2024-05-27,AMZN,144.32,145.70,143.24,144.75,2190705
2024-05-28,AMZN,144.39,145.95,143.47,144.81,2218683
2024-05-29,AMZN,144.33,145.78,143.32,144.70,2254583
2024-05-30,AMZN,144.53,145.73,143.44,144.82,2295287
2024-05-31,AMZN,144.89,146.23,143.93,145.10,2340653
2024-06-03,AMZN,145.02,146.24,144.03,145.13,2386348
2024-06-04,AMZN,144.96,145.83,143.87,144.96,2435610
2024-06-05,AMZN,145.02,146.14,143.93,144.92,2483360
2024-06-06,AMZN,145.11,146.24,143.94,144.90,2530297
2024-06-07,AMZN,144.94,145.85,143.56,144.64,2576185
2024-06-10,AMZN,144.70,145.79,143.33,144.34,2617066
2024-06-11,AMZN,144.72,145.86,143.38,144.31,2650990
2024-06-12,AMZN,144.79,145.74,143.28,144.36,2680701
2024-06-13,AMZN,144.55,145.61,143.10,144.12,2704545
2024-06-14,AMZN,144.15,145.30,142.87,143.76,2720607
2024-06-17,AMZN,143.95,144.93,142.56,143.61,2726800
2024-06-18,AMZN,143.80,144.82,142.50,143.54,2725698
2024-06-19,AMZN,143.47,144.62,142.45,143.31,2717986
2024-06-20,AMZN,143.18,144.20,142.08,143.12,2701195
2024-06-21,AMZN,143.17,144.20,142.12,143.22,2676797
2024-06-24,AMZN,143.17,144.46,142.28,143.32,2646240
2024-06-25,AMZN,142.89,144.18,141.86,143.13,2610354
2024-06-26,AMZN,142.60,143.87,141.54,142.92,2569197
2024-06-27,AMZN,142.62,144.14,141.71,143.01,2523511
2024-06-28,AMZN,142.75,144.24,141.75,143.17,2476533
2024-07-01,AMZN,142.72,144.05,141.65,143.15,2427129
2024-07-02,AMZN,142.77,144.31,141.83,143.19,2378904
2024-07-03,AMZN,143.06,144.53,142.08,143.43,2333350
2024-07-04,AMZN,143.27,144.44,142.19,143.57,2288789
2024-07-05,AMZN,143.21,144.53,142.24,143.43,2248890
2024-07-08,AMZN,143.23,144.47,142.28,143.35,2213776
2024-07-09,AMZN,143.55,144.47,142.48,143.57,2186002
2024-07-10,AMZN,143.85,144.94,142.76,143.76,2164182
2024-07-11,AMZN,143.90,145.04,142.78,143.70,2149222
2024-07-12,AMZN,143.95,144.89,142.59,143.66,2142900
2024-07-15,AMZN,144.12,145.18,142.74,143.77,2145120
2024-01-02,META,297.63,300.38,295.79,298.00,3246370
2024-01-03,META,297.26,299.86,295.07,297.81,3305629
2024-01-04,META,297.14,299.96,294.98,297.85,3359123
2024-01-05,META,297.68,300.89,295.88,298.50,3409366
2024-01-08,META,298.23,301.24,296.07,299.12,3449867
2024-01-09,META,298.61,301.55,296.41,299.51,3481143
2024-01-10,META,299.35,302.58,297.48,300.19,3504957
2024-01-11,META,300.49,303.44,298.35,301.23,3518991
2024-01-12,META,301.28,303.85,299.04,301.88,3519872
2024-01-15,META,301.63,304.43,299.69,302.04,3510041
2024-01-16,META,302.37,304.84,300.27,302.57,3493057
2024-01-17,META,303.64,305.54,301.34,303.61,3466928
2024-01-18,META,304.63,307.01,302.35,304.37,3428974
2024-01-19,META,305.13,307.48,302.59,304.67,3382451
2024-01-22,META,305.78,307.62,302.84,305.13,3331575
2024-01-23,META,306.55,308.90,303.68,305.76,3275434
2024-01-24,META,306.76,309.16,303.86,305.88,3213202
2024-01-25,META,306.56,308.49,303.36,305.64,3151250
2024-01-26,META,306.77,309.07,303.74,305.87,3088586
2024-01-29,META,307.29,309.72,304.50,306.47,3028720
2024-01-30,META,307.26,309.28,304.28,306.56,2968933
2024-01-31,META,306.71,308.94,303.99,306.18,2916746
2024-02-01,META,306.39,308.84,304.17,306.07,2868817
2024-02-02,META,306.26,308.36,303.91,306.16,2829350
2024-02-05,META,305.74,308.03,303.52,305.87,2799311
2024-02-06,META,305.11,307.91,303.28,305.46,2778437
2024-02-07,META,305.09,307.81,302.88,305.64,2766456
2024-02-08,META,305.34,308.14,303.09,306.06,2766513
2024-02-09,META,305.06,308.34,303.17,305.90,2775242
2024-02-12,META,304.55,307.68,302.37,305.45,2796074
2024-02-13,META,304.58,307.50,302.32,305.50,2824040
2024-02-14,META,304.97,308.26,303.01,305.84,2863275
2024-02-15,META,305.09,308.16,302.96,305.86,2908043
2024-02-16,META,305.26,307.80,302.97,305.88,2960422
2024-02-19,META,305.99,308.83,303.96,306.43,3019702
2024-02-20,META,306.76,309.35,304.67,306.99,3080530
2024-02-21,META,306.91,308.75,304.60,306.91,3141357
2024-02-22,META,306.93,309.29,304.61,306.70,3204319
2024-02-23,META,307.53,309.93,305.05,307.09,3265762
2024-02-26,META,308.26,310.20,305.33,307.63,3323705
2024-02-27,META,308.48,310.79,305.55,307.70,3374358
2024-02-28,META,308.54,310.99,305.69,307.67,3420132
2024-02-29,META,308.90,310.92,305.68,307.97,3459289
2024-03-01,META,308.96,311.22,305.85,308.05,3487847
2024-03-04,META,308.30,310.76,305.55,307.46,3509451
2024-03-05,META,307.63,309.72,304.65,306.91,3518955
2024-03-06,META,307.48,309.66,304.70,306.93,3516257
2024-03-07,META,307.22,309.68,305.03,306.87,3505199
2024-03-08,META,306.30,308.47,303.95,306.17,3486209
2024-03-11,META,305.27,307.46,303.03,305.37,3455799
2024-03-12,META,304.56,307.32,302.68,304.89,3415266
2024-03-13,META,303.64,306.38,301.47,304.16,3369141
2024-03-14,META,302.29,304.97,300.04,302.97,3317599
2024-03-15,META,301.26,304.46,299.32,302.07,3258592
2024-03-18,META,300.85,304.00,298.75,301.73,3195347
2024-03-19,META,300.29,303.09,298.04,301.19,3133483
2024-03-20,META,299.20,302.41,297.22,300.07,3073214
2024-03-21,META,298.31,301.38,296.28,299.08,3012338
2024-03-22,META,297.95,300.38,295.72,298.58,2953839
2024-03-25,META,297.54,300.29,295.52,298.00,2902692
2024-03-26,META,296.93,299.50,294.96,297.18,2858704
2024-03-27,META,296.79,298.68,294.57,296.82,2820131
2024-03-28,META,297.15,299.39,294.89,296.96,2791315
2024-03-29,META,297.17,299.52,294.86,296.77,2773227
2024-04-01,META,296.73,298.67,293.94,296.15,2766786
2024-04-02,META,296.63,298.81,293.80,295.90,2767745
2024-04-03,META,297.06,299.42,294.38,296.22,2780762
2024-04-04,META,297.30,299.32,294.23,296.41,2803047
2024-04-05,META,297.27,299.38,294.24,296.39,2834571
2024-04-08,META,297.57,299.95,294.96,296.75,2876439
2024-04-09,META,298.08,300.19,295.21,297.37,2925425
2024-04-10,META,298.07,300.11,295.32,297.51,2977671
2024-04-11,META,297.67,300.05,295.46,297.30,3036510
2024-04-12,META,297.73,299.90,295.45,297.58,3098262
2024-04-15,META,298.22,300.25,296.00,298.28,3162552
2024-04-16,META,298.34,300.99,296.43,298.62,3223387
2024-04-17,META,298.12,300.85,296.03,298.61,3282125
2024-04-18,META,298.21,300.76,295.98,298.87,3339052
2024-04-19,META,298.42,301.55,296.45,299.21,3389931
2024-04-22,META,298.15,301.31,296.11,299.02,3433076
2024-04-23,META,297.74,300.44,295.51,298.64,3469392
2024-04-24,META,297.96,301.13,295.94,298.83,3495266
2024-04-25,META,298.48,301.61,296.50,299.27,3512958
2024-04-26,META,298.52,301.04,296.28,299.17,3518212
2024-04-29,META,298.27,301.00,296.20,298.75,3515434
2024-04-30,META,298.42,301.06,296.50,298.70,3499811
2024-05-01,META,298.72,300.73,296.50,298.78,3475710
2024-05-02,META,298.64,300.84,296.36,298.48,3443049
2024-05-03,META,298.61,300.99,296.37,298.23,3401011
2024-05-06,META,299.19,301.22,296.42,298.63,3352548
2024-05-07,META,299.84,301.98,296.96,299.12,3298116
2024-05-08,META,299.88,302.28,297.24,299.05,3237440
2024-05-09,META,299.75,301.86,296.68,298.86,3176047
2024-05-10,META,300.13,302.19,297.04,299.24,3114011
2024-05-13,META,300.65,303.05,297.96,299.81,3052758
2024-05-14,META,300.81,303.00,297.92,300.07,2992166
2024-05-15,META,301.07,303.06,298.25,300.48,2937395
2024-05-16,META,301.82,304.22,299.50,301.42,2889724
2024-05-17,META,302.43,304.69,300.12,302.24,2846718
2024-05-20,META,302.42,304.37,300.15,302.45,2810163
2024-05-21,META,302.46,305.09,300.47,302.72,2785234
2024-05-22,META,303.13,305.92,301.05,303.60,2772203
2024-05-23,META,303.85,306.35,301.57,304.50,2767360
2024-05-24,META,304.15,307.29,302.09,304.94,2771163
2024-05-27,META,304.52,307.78,302.49,305.40,2787072
2024-05-28,META,305.26,308.08,302.97,306.18,2813842
2024-05-29,META,305.70,308.91,303.58,306.60,2847359
2024-05-30,META,305.59,308.83,303.61,306.41,2889516
2024-05-31,META,305.71,308.40,303.44,306.40,2938814
2024-06-03,META,306.41,309.19,304.24,306.93,2996271
2024-06-04,META,306.91,309.67,304.99,307.22,3055056
2024-06-05,META,306.80,308.97,304.54,306.89,3117244
2024-06-06,META,306.71,308.90,304.36,306.58,3179930
2024-06-07,META,306.88,309.33,304.66,306.52,3240691
2024-06-10,META,306.66,308.81,303.87,306.10,3300908
2024-06-11,META,306.00,308.11,303.04,305.28,3356909
2024-06-12,META,305.69,308.13,302.98,304.86,3404138
2024-06-13,META,305.81,308.03,302.72,304.91,3444184
2024-06-14,META,305.50,307.52,302.32,304.59,3478154
2024-06-17,META,304.59,307.01,301.79,303.73,3503774
2024-06-18,META,303.88,306.14,300.99,303.12,3516600
2024-06-19,META,303.53,305.46,300.65,302.92,3518472
2024-06-20,META,302.94,305.31,300.52,302.51,3512163
2024-06-21,META,302.15,304.46,299.86,301.93,3495446
2024-06-24,META,301.88,303.72,299.61,301.89,3466452
2024-06-25,META,301.97,304.54,299.93,302.20,3431338
2024-06-26,META,301.62,304.41,299.61,302.06,3386584
2024-06-27,META,300.93,303.43,298.68,301.56,3337001
2024-06-28,META,300.76,303.81,298.68,301.53,3278970
2024-07-01,META,301.10,304.35,299.15,301.96,3220344
2024-07-02,META,301.24,304.11,299.00,302.15,3157182
2024-07-03,META,301.29,304.40,299.15,302.18,3093916
2024-07-04,META,301.81,305.05,299.92,302.64,3034103
2024-07-05,META,302.52,305.27,300.28,303.22,2976175
2024-07-08,META,302.68,305.38,300.49,303.22,2920316
2024-07-09,META,302.63,305.40,300.80,302.97,2873554
2024-07-10,META,303.17,305.42,300.96,303.29,2833631
2024-07-11,META,304.00,306.10,301.67,303.90,2803030
2024-07-12,META,304.36,306.79,302.16,304.03,2779090
2024-07-15,META,304.42,306.62,301.71,303.89,2766942
2024-01-02,TSLA,227.56,229.52,225.87,228.00,2978574
2024-01-03,TSLA,227.56,229.76,225.92,228.11,3027193
2024-01-04,TSLA,228.04,230.51,226.64,228.68,3071724
2024-01-05,TSLA,228.49,230.76,226.82,229.17,3107237
2024-01-08,TSLA,228.77,231.06,227.10,229.46,3134396
2024-01-09,TSLA,229.44,231.93,228.05,230.09,3155479
2024-01-10,TSLA,230.39,232.61,228.73,230.95,3167006
2024-01-11,TSLA,231.02,233.02,229.31,231.46,3166647
2024-01-12,TSLA,231.36,233.50,229.90,231.65,3157061
2024-01-15,TSLA,232.04,233.89,230.40,232.17,3141114
2024-01-16,TSLA,233.08,234.58,231.30,233.04,3116539
2024-01-17,TSLA,233.83,235.68,232.10,233.62,3081355
2024-01-18,TSLA,234.24,236.01,232.25,233.86,3038937
2024-01-19,TSLA,234.77,236.23,232.51,234.27,2992727
2024-01-22,TSLA,235.34,237.17,233.16,234.73,2941556
2024-01-23,TSLA,235.43,237.25,233.17,234.75,2885115
2024-01-24,TSLA,235.25,236.68,232.79,234.54,2829674
2024-01-25,TSLA,235.41,237.20,233.11,234.72,2773255
2024-01-26,TSLA,235.73,237.58,233.56,235.10,2719304
2024-01-29,TSLA,235.57,237.08,233.29,235.05,2666105
2024-01-30,TSLA,235.07,236.82,233.03,234.68,2620073
2024-01-31,TSLA,234.78,236.64,233.06,234.55,2577440
2024-02-01,TSLA,234.59,236.15,232.79,234.53,2542246
2024-02-02,TSLA,234.08,235.89,232.39,234.19,2516722
2024-02-05,TSLA,233.56,235.71,232.12,233.84,2498537
2024-02-06,TSLA,233.54,235.59,231.83,233.97,2488488
2024-02-07,TSLA,233.67,235.87,231.96,234.23,2489247
2024-02-08,TSLA,233.39,235.90,231.97,234.03,2498604
2024-02-09,TSLA,233.01,235.37,231.32,233.70,2517881
2024-02-12,TSLA,233.10,235.37,231.38,233.80,2544168
2024-02-13,TSLA,233.42,235.95,231.95,234.08,2580061
2024-02-14,TSLA,233.54,235.85,231.89,234.13,2621000
2024-02-15,TSLA,233.78,235.76,232.04,234.25,2668950
2024-02-16,TSLA,234.46,236.64,232.94,234.79,2722725
2024-02-19,TSLA,235.12,237.06,233.49,235.28,2777441
2024-02-20,TSLA,235.30,236.76,233.52,235.28,2831727
2024-02-21,TSLA,235.47,237.30,233.71,235.28,2887900
2024-02-22,TSLA,236.09,237.91,234.14,235.74,2944262
2024-02-23,TSLA,236.75,238.19,234.48,236.25,2995725
2024-02-26,TSLA,236.99,238.80,234.77,236.39,3040724
2024-02-27,TSLA,237.17,239.04,234.94,236.50,3081259
2024-02-28,TSLA,237.55,239.06,235.07,236.84,3115836
2024-02-29,TSLA,237.63,239.40,235.26,236.93,3140375
2024-03-01,TSLA,237.15,239.03,235.00,236.51,3158648
2024-03-04,TSLA,236.71,238.28,234.42,236.17,3166049
2024-03-05,TSLA,236.65,238.36,234.54,236.24,3163249
2024-03-06,TSLA,236.40,238.29,234.70,236.15,3152333
2024-03-07,TSLA,235.64,237.27,233.83,235.56,3134421
2024-03-08,TSLA,234.84,236.58,233.12,234.93,3106079
2024-03-11,TSLA,234.24,236.38,232.83,234.51,3069020
2024-03-12,TSLA,233.42,235.51,231.73,233.84,3027178
2024-03-13,TSLA,232.29,234.41,230.58,232.83,2980228
2024-03-14,TSLA,231.47,233.95,230.02,232.10,2926566
2024-03-15,TSLA,231.08,233.47,229.44,231.77,2869623
2024-03-18,TSLA,230.51,232.70,228.79,231.20,2814200
2024-03-19,TSLA,229.57,232.05,228.08,230.23,2759958
2024-03-20,TSLA,228.84,231.16,227.25,229.43,2705162
2024-03-21,TSLA,228.51,230.41,226.80,228.98,2652996
2024-03-22,TSLA,228.11,230.22,226.59,228.44,2607665
2024-03-25,TSLA,227.60,229.54,226.06,227.78,2568534
2024-03-26,TSLA,227.52,228.90,225.81,227.52,2534337
2024-03-27,TSLA,227.78,229.52,226.05,227.61,2509280
2024-03-28,TSLA,227.74,229.53,225.92,227.42,2494176
2024-03-29,TSLA,227.41,228.86,225.26,226.95,2489046
2024-04-01,TSLA,227.42,229.12,225.26,226.85,2490546
2024-04-02,TSLA,227.80,229.61,225.70,227.15,2503791
2024-04-03,TSLA,228.00,229.51,225.64,227.32,2524567
2024-04-04,TSLA,228.05,229.70,225.75,227.37,2553755
2024-04-05,TSLA,228.38,230.20,226.35,227.75,2592465
2024-04-08,TSLA,228.82,230.40,226.61,228.29,2636908
2024-04-09,TSLA,228.82,230.43,226.74,228.41,2684226
2024-04-10,TSLA,228.58,230.41,226.94,228.32,2737131
2024-04-11,TSLA,228.73,230.36,226.97,228.63,2793603
2024-04-12,TSLA,229.14,230.76,227.44,229.20,2851178
2024-04-15,TSLA,229.21,231.27,227.78,229.44,2905543
2024-04-16,TSLA,229.05,231.13,227.43,229.44,2958157
2024-04-17,TSLA,229.14,231.15,227.43,229.66,3009053
2024-04-18,TSLA,229.25,231.68,227.77,229.87,3053962
2024-04-19,TSLA,228.96,231.36,227.37,229.63,3092709
2024-04-22,TSLA,228.62,230.73,226.90,229.30,3124389
2024-04-23,TSLA,228.76,231.21,227.24,229.42,3146523
2024-04-24,TSLA,229.05,231.42,227.50,229.65,3161189
2024-04-25,TSLA,228.94,230.81,227.22,229.43,3166078
2024-04-26,TSLA,228.66,230.77,227.10,229.01,3162413
2024-04-29,TSLA,228.70,230.69,227.20,228.90,3147364
2024-04-30,TSLA,228.81,230.29,227.10,228.84,3124495
2024-05-01,TSLA,228.63,230.34,226.88,228.48,3094844
2024-05-02,TSLA,228.55,230.36,226.79,228.25,3056017
2024-05-03,TSLA,228.95,230.46,226.81,228.51,3011448
2024-05-06,TSLA,229.35,231.02,227.16,228.79,2961780
2024-05-07,TSLA,229.29,231.12,227.24,228.65,2907655
2024-05-08,TSLA,229.19,230.77,226.83,228.51,2851884
2024-05-09,TSLA,229.51,231.13,227.17,228.83,2796229
2024-05-10,TSLA,229.90,231.74,227.88,229.27,2741119
2024-05-13,TSLA,230.04,231.68,227.82,229.49,2687007
2024-05-14,TSLA,230.33,231.89,228.20,229.89,2638497
2024-05-15,TSLA,230.99,232.84,229.26,230.70,2596187
2024-05-16,TSLA,231.50,233.20,229.73,231.37,2557965
2024-05-17,TSLA,231.55,233.11,229.83,231.60,2525981
2024-05-20,TSLA,231.73,233.79,230.24,231.95,2504756
2024-05-21,TSLA,232.39,234.52,230.77,232.76,2493925
2024-05-22,TSLA,233.02,235.00,231.28,233.53,2490234
2024-05-23,TSLA,233.34,235.78,231.79,233.95,2494615
2024-05-24,TSLA,233.76,236.24,232.17,234.44,2510023
2024-05-27,TSLA,234.42,236.54,232.66,235.12,2534808
2024-05-28,TSLA,234.78,237.27,233.18,235.47,2565450
2024-05-29,TSLA,234.74,237.20,233.19,235.36,2603799
2024-05-30,TSLA,234.93,236.93,233.17,235.45,2649232
2024-05-31,TSLA,235.51,237.66,233.86,235.89,2701171
2024-06-03,TSLA,235.84,237.94,234.33,236.07,2753989
2024-06-04,TSLA,235.72,237.32,233.97,235.77,2810444
2024-06-05,TSLA,235.64,237.36,233.84,235.52,2866670
2024-06-06,TSLA,235.72,237.60,233.97,235.43,2921348
2024-06-07,TSLA,235.44,237.05,233.27,235.00,2975428
2024-06-10,TSLA,234.86,236.52,232.60,234.30,3025188
2024-06-11,TSLA,234.60,236.47,232.54,233.95,3066895
2024-06-12,TSLA,234.60,236.27,232.21,233.91,3102092
2024-06-13,TSLA,234.23,235.82,231.81,233.53,3132425
2024-06-14,TSLA,233.44,235.30,231.33,232.78,3154402
2024-06-17,TSLA,232.86,234.57,230.63,232.29,3164768
2024-06-18,TSLA,232.54,234.07,230.36,232.09,3165620
2024-06-19,TSLA,232.01,233.85,230.21,231.70,3159104
2024-06-20,TSLA,231.40,233.14,229.64,231.25,3142890
2024-06-21,TSLA,231.23,232.70,229.50,231.25,3115764
2024-06-24,TSLA,231.30,233.30,229.76,231.49,3083540
2024-06-25,TSLA,231.00,233.13,229.43,231.35,3042745
2024-06-26,TSLA,230.53,232.40,228.80,231.02,2997269
2024-06-27,TSLA,230.51,232.88,228.93,231.10,2945135
2024-06-28,TSLA,230.83,233.31,229.31,231.50,2892141
2024-07-01,TSLA,230.99,233.15,229.27,231.69,2835106
2024-07-02,TSLA,231.13,233.55,229.52,231.81,2778465
2024-07-03,TSLA,231.66,234.13,230.18,232.29,2724941
2024-07-04,TSLA,232.26,234.32,230.54,232.79,2672907
2024-07-05,TSLA,232.43,234.53,230.77,232.83,2623030
2024-07-08,TSLA,232.49,234.59,231.05,232.74,2581023
2024-07-09,TSLA,233.02,234.69,231.30,233.09,2546726
2024-07-10,TSLA,233.69,235.35,231.90,233.60,2519680
2024-07-11,TSLA,233.96,235.83,232.29,233.69,2498846
2024-07-12,TSLA,234.03,235.69,231.91,233.61,2488747
2024-07-15,TSLA,234.31,235.91,232.04,233.76,2488379
2024-01-02,JPM,152.84,154.22,151.89,153.00,2557547
2024-01-03,JPM,152.68,154.07,151.60,152.94,2605113
2024-01-04,JPM,152.50,153.84,151.37,152.85,2649338
2024-01-05,JPM,152.66,154.28,151.67,153.07,2689628
2024-01-08,JPM,152.94,154.54,151.87,153.38,2724218
2024-01-09,JPM,153.09,154.51,151.94,153.55,2750900
2024-01-10,JPM,153.31,154.96,152.29,153.76,2771463
2024-01-11,JPM,153.80,155.39,152.76,154.20,2785291
2024-01-12,JPM,154.23,155.49,153.07,154.56,2789138
2024-01-15,JPM,154.38,155.80,153.32,154.62,2783495
2024-01-16,JPM,154.59,155.94,153.58,154.73,2771717
2024-01-17,JPM,155.14,156.14,153.98,155.16,2753590
2024-01-18,JPM,155.68,156.85,154.50,155.59,2726341
2024-01-19,JPM,155.96,157.19,154.76,155.75,2691117
2024-01-22,JPM,156.22,157.25,154.76,155.92,2651810
2024-01-23,JPM,156.63,157.77,155.13,156.24,2608882
2024-01-24,JPM,156.85,158.11,155.45,156.41,2560899
2024-01-25,JPM,156.79,157.87,155.18,156.33,2511345
2024-01-26,JPM,156.85,157.95,155.24,156.38,2461451
2024-01-29,JPM,157.16,158.42,155.78,156.72,2414089
2024-01-30,JPM,157.31,158.43,155.80,156.94,2366537
2024-01-31,JPM,157.14,158.20,155.68,156.84,2322463
2024-02-01,JPM,156.98,158.23,155.81,156.79,2283422
2024-02-02,JPM,156.99,158.15,155.79,156.91,2250691
2024-02-05,JPM,156.87,157.92,155.70,156.90,2223546
2024-02-06,JPM,156.58,157.97,155.57,156.73,2205282
2024-02-07,JPM,156.53,157.96,155.44,156.78,2193317
2024-02-08,JPM,156.71,158.04,155.54,157.06,2191485
2024-02-09,JPM,156.70,158.34,155.66,157.12,2195460
2024-02-12,JPM,156.45,158.11,155.39,156.91,2209590
2024-02-13,JPM,156.38,157.79,155.20,156.85,2229820
2024-02-14,JPM,156.56,158.22,155.49,157.01,2258663
2024-02-15,JPM,156.65,158.29,155.61,157.06,2292651
2024-02-16,JPM,156.65,157.99,155.48,157.00,2332809
2024-02-19,JPM,156.90,158.33,155.80,157.15,2377716
2024-02-20,JPM,157.28,158.68,156.28,157.43,2425893
2024-02-21,JPM,157.39,158.46,156.22,157.42,2473677
2024-02-22,JPM,157.29,158.44,156.08,157.21,2524494
2024-02-23,JPM,157.43,158.68,156.26,157.23,2572155
2024-02-26,JPM,157.75,158.83,156.30,157.46,2619672
2024-02-27,JPM,157.87,158.98,156.35,157.49,2661423
2024-02-28,JPM,157.81,159.08,156.43,157.38,2699878
2024-02-29,JPM,157.89,159.01,156.28,157.43,2731699
2024-03-01,JPM,157.96,159.04,156.33,157.49,2757228
2024-03-04,JPM,157.68,158.94,156.26,157.24,2776292
2024-03-05,JPM,157.25,158.41,155.75,156.87,2786992
2024-03-06,JPM,157.09,158.12,155.62,156.79,2787250
2024-03-07,JPM,157.03,158.28,155.81,156.82,2780587
2024-03-08,JPM,156.67,157.85,155.48,156.57,2767274
2024-03-11,JPM,156.15,157.14,154.98,156.17,2745956
2024-03-12,JPM,155.79,157.14,154.76,155.92,2715786
2024-03-13,JPM,155.44,156.88,154.39,155.68,2680271
2024-03-14,JPM,154.85,156.12,153.69,155.18,2640902
2024-03-15,JPM,154.30,155.89,153.25,154.70,2595870
2024-03-18,JPM,154.10,155.75,153.08,154.54,2546221
2024-03-19,JPM,153.95,155.39,152.80,154.42,2496609
2024-03-20,JPM,153.53,155.13,152.45,153.98,2448738
2024-03-21,JPM,153.06,154.69,152.08,153.47,2400668
2024-03-22,JPM,152.87,154.23,151.74,153.22,2353311
2024-03-25,JPM,152.75,154.13,151.66,153.01,2310889
2024-03-26,JPM,152.48,153.86,151.53,152.64,2274639
2024-03-27,JPM,152.33,153.42,151.21,152.38,2242793
2024-03-28,JPM,152.48,153.56,151.31,152.42,2217150
2024-03-29,JPM,152.58,153.80,151.49,152.40,2200163
2024-04-01,JPM,152.37,153.45,150.99,152.10,2192994
2024-04-02,JPM,152.20,153.23,150.72,151.84,2192090
2024-04-03,JPM,152.32,153.53,150.96,151.90,2198644
2024-04-04,JPM,152.45,153.57,150.92,152.00,2214532
2024-04-05,JPM,152.39,153.39,150.80,151.93,2237662
2024-04-08,JPM,152.40,153.61,151.00,151.97,2267748
2024-04-09,JPM,152.61,153.76,151.16,152.23,2305361
2024-04-10,JPM,152.64,153.60,151.19,152.33,2346008
2024-04-11,JPM,152.39,153.58,151.16,152.17,2391799
2024-04-12,JPM,152.26,153.43,151.11,152.15,2439152
2024-04-15,JPM,152.44,153.35,151.29,152.44,2490235
2024-04-16,JPM,152.54,153.83,151.51,152.66,2539385
2024-04-17,JPM,152.43,153.84,151.42,152.64,2586364
2024-04-18,JPM,152.39,153.66,151.25,152.71,2632090
2024-04-19,JPM,152.52,154.06,151.46,152.91,2674386
2024-04-22,JPM,152.48,154.13,151.50,152.92,2709654
2024-04-23,JPM,152.28,153.74,151.15,152.74,2740872
2024-04-24,JPM,152.32,153.89,151.24,152.77,2763315
2024-04-25,JPM,152.65,154.29,151.70,153.06,2780415
2024-04-26,JPM,152.82,154.22,151.69,153.18,2787017
2024-04-29,JPM,152.76,154.12,151.65,153.04,2786534
2024-04-30,JPM,152.84,154.24,151.92,153.01,2776994
2024-05-01,JPM,153.08,154.23,151.97,153.15,2760761
2024-05-02,JPM,153.18,154.22,152.00,153.13,2735734
2024-05-03,JPM,153.17,154.40,152.06,153.01,2705009
2024-05-06,JPM,153.44,154.56,152.08,153.18,2668080
2024-05-07,JPM,153.87,154.88,152.38,153.52,2626920
2024-05-08,JPM,154.02,155.25,152.63,153.61,2579538
2024-05-09,JPM,153.96,155.11,152.44,153.51,2531139
2024-05-10,JPM,154.08,155.05,152.47,153.62,2481571
2024-05-13,JPM,154.37,155.58,152.91,153.93,2433224
2024-05-14,JPM,154.49,155.67,153.04,154.09,2384583
2024-05-15,JPM,154.53,155.46,153.05,154.20,2339382
2024-05-16,JPM,154.81,156.00,153.52,154.57,2300040
2024-05-17,JPM,155.14,156.35,153.98,155.01,2264891
2024-05-20,JPM,155.15,156.12,153.97,155.13,2233908
2024-05-21,JPM,155.04,156.30,153.96,155.14,2211068
2024-05-22,JPM,155.21,156.65,154.22,155.42,2198190
2024-05-23,JPM,155.55,156.87,154.39,155.86,2192599
2024-05-24,JPM,155.68,157.21,154.57,156.07,2193260
2024-05-27,JPM,155.75,157.44,154.78,156.19,2202877
2024-05-28,JPM,156.04,157.57,154.88,156.50,2221920
2024-05-29,JPM,156.29,157.87,155.16,156.76,2247110
2024-05-30,JPM,156.26,157.94,155.31,156.69,2278266
2024-05-31,JPM,156.21,157.69,155.07,156.59,2316490
2024-06-03,JPM,156.49,157.86,155.34,156.79,2359845
2024-06-04,JPM,156.83,158.28,155.86,157.02,2406456
2024-06-05,JPM,156.86,158.09,155.74,156.95,2454290
2024-06-06,JPM,156.81,157.84,155.61,156.77,2504509
2024-06-07,JPM,156.92,158.17,155.77,156.77,2552839
2024-06-10,JPM,156.96,158.13,155.60,156.70,2600713
2024-06-11,JPM,156.71,157.70,155.20,156.37,2646534
2024-06-12,JPM,156.53,157.76,155.09,156.12,2686130
2024-06-13,JPM,156.64,157.84,155.12,156.18,2719717
2024-06-14,JPM,156.66,157.60,155.02,156.19,2747614
2024-06-17,JPM,156.32,157.52,154.81,155.86,2770437
2024-06-18,JPM,155.95,157.16,154.50,155.54,2783740
2024-06-19,JPM,155.79,156.77,154.29,155.45,2787524
2024-06-20,JPM,155.60,156.77,154.26,155.35,2784537
2024-06-21,JPM,155.22,156.44,154.07,155.07,2774151
2024-06-24,JPM,154.99,156.00,153.81,154.96,2754042
2024-06-25,JPM,155.03,156.26,153.93,155.12,2727766
2024-06-26,JPM,154.94,156.37,153.97,155.13,2693835
2024-06-27,JPM,154.56,155.91,153.42,154.86,2656458
2024-06-28,JPM,154.33,155.80,153.21,154.70,2612358
2024-07-01,JPM,154.41,156.08,153.48,154.84,2565428
2024-07-02,JPM,154.48,156.03,153.36,154.94,2516233
2024-07-03,JPM,154.42,155.94,153.28,154.88,2466324
2024-07-04,JPM,154.53,156.20,153.58,154.97,2417376
2024-07-05,JPM,154.84,156.35,153.73,155.22,2371213
2024-07-08,JPM,154.95,156.28,153.80,155.25,2326143
2024-07-09,JPM,154.84,156.28,153.85,155.05,2287814
2024-07-10,JPM,154.95,156.21,153.86,155.05,2252950
2024-07-11,JPM,155.33,156.31,154.15,155.31,2227242
2024-07-12,JPM,155.56,156.78,154.40,155.43,2206523
2024-07-15,JPM,155.57,156.76,154.27,155.33,2194325
2024-01-02,XOM,107.84,108.84,107.13,108.00,2375756
2024-01-03,XOM,107.67,108.57,106.87,107.89,2418294
2024-01-04,XOM,107.68,108.76,106.92,107.95,2456032
2024-01-05,XOM,107.87,109.03,107.17,108.17,2490708
2024-01-08,XOM,107.99,109.02,107.19,108.31,2517861
2024-01-09,XOM,108.08,109.20,107.31,108.40,2538898
2024-01-10,XOM,108.35,109.52,107.68,108.65,2554427
2024-01-11,XOM,108.70,109.70,107.90,108.95,2561865
2024-01-12,XOM,108.86,109.83,108.07,109.05,2559811
2024-01-15,XOM,108.94,109.94,108.29,109.07,2551003
2024-01-16,XOM,109.23,110.05,108.44,109.28,2537007
2024-01-17,XOM,109.65,110.40,108.81,109.62,2515504
2024-01-18,XOM,109.91,110.79,109.11,109.79,2485661
2024-01-19,XOM,110.06,110.87,109.09,109.87,2450760
2024-01-22,XOM,110.32,111.05,109.25,110.07,2412872
2024-01-23,XOM,110.56,111.44,109.56,110.27,2370657
2024-01-24,XOM,110.58,111.41,109.49,110.26,2324765
2024-01-25,XOM,110.56,111.25,109.40,110.23,2279368
2024-01-26,XOM,110.73,111.60,109.68,110.41,2235077
2024-01-29,XOM,110.93,111.78,109.89,110.65,2191467
2024-01-30,XOM,110.89,111.56,109.83,110.66,2148583
2024-01-31,XOM,110.76,111.61,109.83,110.59,2111548
2024-02-01,XOM,110.74,111.61,109.92,110.65,2078863
2024-02-02,XOM,110.73,111.43,109.89,110.72,2052022
2024-02-05,XOM,110.56,111.46,109.79,110.63,2031793
2024-02-06,XOM,110.44,111.46,109.73,110.59,2018155
2024-02-07,XOM,110.54,111.49,109.72,110.76,2013219
2024-02-08,XOM,110.64,111.72,109.85,110.91,2014750
2024-02-09,XOM,110.51,111.70,109.82,110.82,2023594
2024-02-12,XOM,110.38,111.47,109.57,110.71,2040280
2024-02-13,XOM,110.47,111.58,109.67,110.80,2063498
2024-02-14,XOM,110.59,111.78,109.92,110.89,2093164
2024-02-15,XOM,110.59,111.64,109.79,110.86,2127642
2024-02-16,XOM,110.69,111.65,109.87,110.89,2166958
2024-02-19,XOM,110.96,111.98,110.27,111.09,2210794
2024-02-20,XOM,111.13,112.00,110.34,111.19,2254810
2024-02-21,XOM,111.08,111.82,110.23,111.06,2300692
2024-02-22,XOM,111.09,111.97,110.27,110.98,2345557
2024-02-23,XOM,111.30,112.13,110.34,111.12,2389601
2024-02-26,XOM,111.46,112.17,110.38,111.22,2430130
2024-02-27,XOM,111.44,112.32,110.42,111.15,2466713
2024-02-28,XOM,111.45,112.30,110.37,111.13,2498204
2024-02-29,XOM,111.54,112.21,110.37,111.20,2524525
2024-03-01,XOM,111.45,112.30,110.37,111.12,2543886
2024-03-04,XOM,111.15,112.01,110.12,110.85,2557455
2024-03-05,XOM,110.95,111.64,109.88,110.71,2561334
2024-03-06,XOM,110.92,111.76,109.97,110.74,2557664
2024-03-07,XOM,110.77,111.65,109.95,110.67,2547566
2024-03-08,XOM,110.42,111.14,109.57,110.40,2531362
2024-03-11,XOM,110.12,110.98,109.33,110.18,2506628
2024-03-12,XOM,109.91,110.92,109.22,110.04,2475562
2024-03-13,XOM,109.56,110.52,108.76,109.77,2440935
2024-03-14,XOM,109.13,110.17,108.34,109.39,2401805
2024-03-15,XOM,108.89,110.07,108.24,109.20,2357459
2024-03-18,XOM,108.82,109.92,108.03,109.15,2311406
2024-03-19,XOM,108.61,109.69,107.81,108.94,2266933
2024-03-20,XOM,108.26,109.43,107.59,108.56,2223024
2024-03-21,XOM,108.05,109.10,107.28,108.31,2178860
2024-03-22,XOM,107.98,108.91,107.18,108.19,2137686
2024-03-25,XOM,107.82,108.82,107.14,107.97,2102289
2024-03-26,XOM,107.65,108.52,106.89,107.72,2071540
2024-03-27,XOM,107.68,108.36,106.86,107.67,2045049
2024-03-28,XOM,107.80,108.64,107.00,107.71,2026689
2024-03-29,XOM,107.72,108.55,106.82,107.56,2016394
2024-04-01,XOM,107.54,108.19,106.51,107.31,2013500
2024-04-02,XOM,107.54,108.37,106.54,107.26,2016054
2024-04-03,XOM,107.66,108.49,106.63,107.35,2027796
2024-04-04,XOM,107.64,108.32,106.52,107.32,2046015
2024-04-05,XOM,107.59,108.40,106.53,107.28,2071510
2024-04-08,XOM,107.69,108.54,106.71,107.40,2103356
2024-04-09,XOM,107.78,108.48,106.73,107.53,2139814
2024-04-10,XOM,107.64,108.43,106.70,107.46,2179797
2024-04-11,XOM,107.47,108.32,106.68,107.36,2223430
2024-04-12,XOM,107.51,108.24,106.68,107.48,2268712
2024-04-15,XOM,107.63,108.44,106.85,107.68,2314949
2024-04-16,XOM,107.58,108.57,106.93,107.71,2358604
2024-04-17,XOM,107.50,108.45,106.72,107.69,2401366
2024-04-18,XOM,107.56,108.55,106.77,107.81,2441829
2024-04-19,XOM,107.60,108.76,106.93,107.89,2476972
2024-04-22,XOM,107.47,108.57,106.70,107.79,2507287
2024-04-23,XOM,107.40,108.43,106.60,107.72,2531013
2024-04-24,XOM,107.57,108.74,106.89,107.88,2548958
2024-04-25,XOM,107.77,108.85,107.02,108.04,2558952
2024-04-26,XOM,107.78,108.68,106.97,107.99,2560564
2024-04-29,XOM,107.77,108.77,107.06,107.92,2555598
2024-04-30,XOM,107.92,108.83,107.18,108.00,2543036
2024-05-01,XOM,108.05,108.71,107.24,108.05,2523136
2024-05-02,XOM,108.05,108.89,107.24,107.97,2497086
2024-05-03,XOM,108.15,108.99,107.27,107.99,2464561
2024-05-06,XOM,108.45,109.12,107.42,108.23,2429064
2024-05-07,XOM,108.66,109.49,107.64,108.39,2387586
2024-05-08,XOM,108.65,109.51,107.64,108.34,2342999
2024-05-09,XOM,108.66,109.37,107.53,108.34,2297341
2024-05-10,XOM,108.85,109.65,107.76,108.53,2253106
2024-05-13,XOM,108.99,109.86,108.02,108.70,2208276
2024-05-14,XOM,109.01,109.75,107.96,108.76,2164997
2024-05-15,XOM,109.13,109.91,108.15,108.94,2126730
2024-05-16,XOM,109.39,110.26,108.60,109.27,2093131
2024-05-17,XOM,109.49,110.26,108.65,109.45,2062830
2024-05-20,XOM,109.40,110.20,108.60,109.44,2038502
2024-05-21,XOM,109.43,110.42,108.76,109.55,2023037
2024-05-22,XOM,109.65,110.64,108.87,109.84,2015570
2024-05-23,XOM,109.81,110.80,109.00,110.07,2013698
2024-05-24,XOM,109.85,111.02,109.15,110.14,2018943
2024-05-27,XOM,109.98,111.13,109.21,110.31,2033237
2024-05-28,XOM,110.21,111.24,109.38,110.54,2054480
2024-05-29,XOM,110.26,111.45,109.54,110.58,2080297
2024-05-30,XOM,110.19,111.32,109.44,110.48,2113656
2024-05-31,XOM,110.30,111.21,109.47,110.53,2151007
2024-06-03,XOM,110.57,111.59,109.82,110.74,2193527
2024-06-04,XOM,110.69,111.64,109.95,110.78,2236441
2024-06-05,XOM,110.65,111.35,109.82,110.66,2282431
2024-06-06,XOM,110.70,111.53,109.85,110.62,2327400
2024-06-07,XOM,110.78,111.66,109.91,110.63,2371621
2024-06-10,XOM,110.69,111.41,109.65,110.47,2414753
2024-06-11,XOM,110.52,111.34,109.46,110.25,2453750
2024-06-12,XOM,110.54,111.42,109.53,110.22,2486183
2024-06-13,XOM,110.63,111.37,109.48,110.30,2514922
2024-06-14,XOM,110.49,111.28,109.37,110.16,2537402
2024-06-17,XOM,110.21,111.09,109.24,109.90,2553427
2024-06-18,XOM,110.05,110.82,108.99,109.79,2560106
2024-06-19,XOM,109.96,110.72,108.95,109.76,2559679
2024-06-20,XOM,109.74,110.61,108.93,109.60,2553180
2024-06-21,XOM,109.51,110.30,108.66,109.45,2538369
2024-06-24,XOM,109.48,110.24,108.67,109.51,2515935
2024-06-25,XOM,109.49,110.47,108.79,109.60,2488044
2024-06-26,XOM,109.28,110.28,108.51,109.46,2454689
2024-06-27,XOM,109.04,109.98,108.22,109.28,2416732
2024-06-28,XOM,109.01,110.16,108.30,109.30,2373647
2024-07-01,XOM,109.09,110.24,108.34,109.41,2329892
2024-07-02,XOM,109.06,110.05,108.24,109.39,2283748
2024-07-03,XOM,109.06,110.22,108.32,109.37,2238203
2024-07-04,XOM,109.24,110.37,108.50,109.52,2195051
2024-07-05,XOM,109.39,110.30,108.57,109.63,2153114
2024-07-08,XOM,109.33,110.34,108.58,109.51,2115328
2024-07-09,XOM,109.31,110.27,108.60,109.41,2082057
2024-07-10,XOM,109.52,110.25,108.70,109.54,2054814
2024-07-11,XOM,109.75,110.56,108.91,109.69,2033913
2024-07-12,XOM,109.79,110.66,108.96,109.65,2019082
2024-07-15,XOM,109.81,110.55,108.79,109.60,2012538
